City,Lat,Lng,Max Temp,Humidity,Cloudiness,Wind Speed,Country,Date
Agüimes,27.9054,-15.4461,70.43,75,75,16.11,ES,1634868812
aguimes,-22.9661,-42.0278,66.79,68,97,5.97,BR,1634868812
Arraial do Cabo,20.7,-105.2,85.23,74,90,0,MX,1634868813
arraial do cabo,69.3833,178.4167,9.03,86,84,13.13,RU,1634868813
Ixtapa,-8.4667,118.7167,92.39,48,15,5.77,ID,1634868813
ixtapa,-42.8794,147.3294,67.26,70,75,5.01,AU,1634868671
Leningradskiy,43.1334,-80.2664,57.18,93,65,12.59,CA,1634868813
leningradskiy,-10.0681,-78.1522,64.49,85,100,7.92,PE,1634868814
Bima,77.484,-69.3632,-0.06,74,0,8.19,GL,1634868814
bima,17.9583,-102.2,81.27,80,94,2.95,MX,1634868815
Hobart,-12.5763,13.4055,73.83,82,74,5.66,AO,1634868815
hobart,-46.6,168.3333,53.33,66,1,11.45,NZ,1634868815
Brantford,71.9167,114.0833,-1.32,100,97,3.13,RU,1634868816
brantford,38.5167,-28.7,68.88,71,37,12.24,PT,1634868816
Huarmey,71.2906,-156.7887,28.42,86,90,10.36,US,1634868816
huarmey,52.5369,62.4936,33.75,96,100,19.77,KZ,1634868817
Qaanaaq,31.6725,38.6637,63.43,45,0,11.5,SA,1634868817
qaanaaq,7.4167,81.8167,81.18,78,64,4.32,LK,1634868818
Lázaro Cárdenas,46.4764,134.2569,44.08,49,7,7.16,RU,1634868818
lazaro cardenas,62.1564,-7.1664,38.32,75,75,28.77,FO,1634868818
Benguela,42.6001,-73.9662,63.18,74,9,4.9,US,1634868634
benguela,27.2696,31.1511,66.67,58,0,10.67,EG,1634868819
Bluff,59.21,38.5107,50,87,100,18.23,RU,1634868819
bluff,3.9366,41.867,78.37,71,25,8.05,KE,1634868819
Saskylakh,-7.2294,-44.5561,78.37,82,100,0.72,BR,1634868820
saskylakh,-34.3759,-55.2377,57.67,91,0,8.41,UY,1634868820
Ribeira Grande,-34.4187,19.2345,61.81,71,100,13.42,ZA,1634868820
ribeira grande,-53.15,-70.9167,44.62,65,75,4.61,CL,1634868713
Barrow,73.5069,80.5464,22.68,74,99,9.78,RU,1634868821
barrow,36.8886,4.1198,68.2,46,100,3.09,DZ,1634868821
Līsakovsk,-54.8,-68.3,38.86,81,75,5.75,AR,1634868756
lisakovsk,-20.3297,-40.2925,67.95,77,75,3.44,BR,1634868821
Turaif,-46.1927,168.8643,68.9,34,0,1.32,NZ,1634868822
turayf,-32.25,115.7667,70.18,60,54,6.24,AU,1634868822
Kalmunai,-34.5703,-59.105,71.35,67,3,1.99,AR,1634868823
kalmunai,61.9353,5.1136,44.06,63,100,28.52,NO,1634868823
Luchegorsk,62.55,149.6667,-1.05,87,34,1.34,RU,1634868823
luchegorsk,3.0707,172.7902,82.72,71,16,12.12,KI,1634868824
Vestmanna,48.0302,17.3097,55.72,83,0,3,SK,1634868824
vestmanna,-6.6603,-69.8736,74.39,89,28,2.48,BR,1634868824
Albany,-46.2817,169.8464,58.62,62,0,10.76,NZ,1634868825
albany,-39.0333,-67.5833,63,33,44,14.94,AR,1634868825
Abnūb,55.7435,-97.8558,30.36,93,90,8.05,CA,1634868825
abnub,-41.1456,-71.3082,40.75,60,0,13.8,AR,1634868826
Sheksna,-24.7911,-50.0119,50.5,96,0,5.21,BR,1634868826
sheksna,-46.1333,167.6833,63.32,46,0,5.32,NZ,1634868826
Mandera,65.5833,-171,24.42,88,100,6.8,RU,1634868739
mandera,42.097,-79.2353,58.59,89,90,8.01,US,1634868611
Uruçuí,42.8,93.45,58.39,21,0,3.8,CN,1634868827
urucui,-23.1203,-134.9692,73.89,81,60,23.82,PF,1634868827
Minas,22.0752,-159.319,82.38,70,20,1.99,US,1634868828
minas,-4.1536,13.55,74.59,89,100,2.39,CG,1634868828
Hermanus,15.7432,-96.4661,80.82,92,100,3.96,MX,1634868828
hermanus,68.75,161.3,9.39,96,100,5.41,RU,1634868829
Punta Arenas,40.7391,-114.0733,54.61,54,1,3.44,US,1634868829
punta arenas,48.0056,91.6419,38.1,37,6,0.92,MN,1634868829
Dikson,34.6851,135.8049,63.25,48,99,2.59,JP,1634868830
dikson,-25.0519,33.6442,66.25,79,100,10.42,MZ,1634868830
Tigzirt,33.0833,-16.3333,66.96,73,40,12.66,PT,1634868830
tigzirt,22.0383,88.3214,82.38,76,8,4.29,IN,1634868831
Ushuaia,-3.8004,102.2655,79.38,81,100,0.67,ID,1634868831
ushuaia,65.3718,58.0387,28.15,94,100,8.59,RU,1634868831
Vila Velha,-8.1181,111.8935,83.68,70,99,8.93,ID,1634868832
vila velha,-5.55,12.2,76.66,83,100,5.93,AO,1634868832
Mataura,65.6145,-37.6368,35.76,70,99,5.66,GL,1634868832
mataura,-34.5833,150.8552,70.25,71,52,6.33,AU,1634868833
Kwinana,11.2842,49.1816,78.15,53,99,2.95,SO,1634868833
kwinana,62.456,-114.3525,43.41,81,6,13,CA,1634868833
Luján,-8.9266,125.4092,79.07,38,85,1.97,TL,1634868834
lujan,-33.5906,26.891,64.94,83,100,1.43,ZA,1634868834
Måløy,-45.5752,-72.0662,40.95,81,0,4.61,CL,1634868834
maloy,-23.1333,150.7333,87.58,64,82,12.41,AU,1634868835
Yagodnoye,68.0546,166.4372,1.65,94,100,3.2,RU,1634868835
yagodnoye,32.0679,73.6854,68.67,40,100,6.78,PK,1634868788
Butaritari,-33.65,115.3333,62.04,51,10,2.68,AU,1634868836
butaritari,-16.4833,-151.75,79.38,74,2,8.32,PF,1634868837
Šamorín,22.2855,114.1577,69.24,81,100,1.01,HK,1634868690
samorin,27.9167,96.1667,72.86,96,82,0.49,IN,1634868838
Eirunepé,31.7566,13.9942,66.61,81,85,6.73,LY,1634868559
eirunepe,-37.6167,-73.65,49.57,74,0,15.66,CL,1634868838
Kaitangata,17.4924,44.1277,63.81,32,10,2.24,SA,1634868838
kaitangata,40.6103,115.0447,45.81,37,0,5.66,CN,1634868839
General Roca,44.3683,-100.351,44.85,74,1,1.99,US,1634868839
general roca,18.6853,12.9164,79.03,20,21,9.66,NE,1634868839
Thompson,32.0633,12.5286,63.64,58,77,12.55,LY,1634868840
thompson,-9.8,-139.0333,77.95,78,13,18.23,PF,1634868840
Bariloche,41.2835,-70.0995,66.31,88,1,13.8,US,1634869249
san carlos de bariloche,60.7333,77.5889,35.58,77,100,9.33,RU,1634868840
Castro,51.1494,-100.0502,32.56,71,34,3.18,CA,1634868841
castro,10.1664,40.6453,78.39,33,94,3.2,ET,1634868841
Tuatapere,70.6333,147.9167,-11.58,95,49,3.47,RU,1634868842
tuatapere,-21.2078,-159.775,77.05,61,90,9.22,CK,1634868843
Lavrentiya,69.4541,-133.0374,27.34,86,11,8.16,CA,1634868843
lavrentiya,-2.6833,111.6167,84.85,68,96,2.62,ID,1634868843
Jamestown,62.2266,-6.589,40.12,62,96,27.72,FO,1634868844
jamestown,18.2833,-70.3333,81.86,84,94,7.76,DO,1634868844
Kumul,-31.95,141.4333,82.33,21,0,3.91,AU,1634868844
hami,41.0889,21.0122,49.1,85,38,4.41,MK,1634868845
Rikitea,18.7369,7.3853,83.77,15,0,7.56,NE,1634868845
rikitea,26.87,78.5975,70.92,59,0,6.87,IN,1634868845
Kapaa,19.8,85.85,82.38,70,82,8.34,IN,1634868846
kapaa,-0.6,73.0833,81.81,73,97,7.47,MV,1634868846
Madingou,-13.8833,167.55,81.21,69,86,2.15,VU,1634868846
madingou,32.1412,-111.0284,81.16,24,1,8.99,US,1634868847
Pochutla,42.2068,-121.7372,57.78,78,90,5.01,US,1634868751
pochutla,26.6208,-78.2833,75.22,75,84,14.79,BS,1634868847
Cherskiy,19.7297,-155.09,80.33,67,1,5.75,US,1634868848
cherskiy,-9.3986,-40.5008,81.97,56,91,2.77,BR,1634868848
West Wendover,-24,21.75,61.45,80,0,10.42,BW,1634868848
west wendover,60.1432,-45.2371,42.01,57,100,10.74,GL,1634868849
Khovd,50.1489,-95.8811,31.19,78,12,3.76,CA,1634868849
hovd,71.6872,128.8694,8.69,93,100,8.59,RU,1634868849
Nara,58.3131,82.9089,42.04,79,100,8.14,RU,1634868850
nara,9.538,-13.6773,75.36,79,100,5.57,GN,1634868809
Xai-Xai,64.2539,-15.2082,32.43,62,54,11.61,IS,1634868850
xai-xai,18.3851,42.4509,55.92,31,83,6.29,SA,1634868850
Camacha,-42.7826,147.0587,66.92,64,100,1.99,AU,1634868851
camacha,34.6391,-120.4579,64.11,89,75,6.91,US,1634868851
Harindānga,-21.2,-175.2,78.96,78,75,10.36,TO,1634868852
harindanga,59.7035,30.7861,50.88,65,97,20.27,RU,1634868852
Bengkulu,28.017,-97.5169,78.84,66,15,7.61,US,1634868852
bengkulu,6.8833,73.1,81.32,78,49,6.02,MV,1634868853
Synya,-6.1349,12.3689,76.21,84,100,5.01,AO,1634868853
synya,63.7506,-68.5145,29.93,92,90,11.99,CA,1634868853
Boyolangu,45.4334,-76.3494,59.14,93,100,7.9,CA,1634868854
boyolangu,70.3705,31.1107,35.64,56,100,28.16,NO,1634868855
Cabinda,50.3167,11.9167,41.63,83,10,10,DE,1634868855
cabinda,-3.7508,103.6372,81.27,79,100,0.45,ID,1634868855
Tasiilaq,-23.65,-70.4,58.28,78,49,5.91,CL,1634868856
tasiilaq,25.0213,37.2685,77.58,58,0,12.59,SA,1634868856
Flinders,8.4167,-10.8333,70.99,100,100,1.36,SL,1634868856
flinders,57.79,-152.4072,37.99,72,100,9.24,US,1634868857
Bosaso,64.8378,-147.7164,32.22,78,1,3.44,US,1634868741
bosaso,35.1333,140.3,55.42,90,100,16.82,JP,1634868674
Yellowknife,44.0682,41.6102,44.67,45,0,7.18,RU,1634868858
yellowknife,-0.7393,-90.3518,70.11,88,78,7.56,EC,1634868858
Airai,32.8995,-105.9603,68.95,34,1,8.05,US,1634868859
airai,36.3868,4.3989,63.23,45,22,4.36,DZ,1634868859
Port Alfred,-34.6833,150.8667,70.45,72,43,6.58,AU,1634868859
port alfred,-20.5167,57.5167,74.35,88,40,9.22,MU,1634868860
Coyhaique,-34.5322,20.0403,61.29,80,100,8.75,ZA,1634868860
coihaique,31.1352,-81.3901,77.02,76,1,6.91,US,1634868860
Yeppoon,-12.1167,-73,74.28,76,97,1.88,PE,1634868861
yeppoon,-10.6167,150.6667,83.26,68,12,12.01,PG,1634868861
Bilibino,47.3335,-79.433,32,91,60,7.25,CA,1634868861
bilibino,5.65,36.65,62.4,79,70,2.55,ET,1634868862
Hafizabad,61.8106,51.5806,33.8,99,100,5.84,RU,1634868862
hafizabad,48.147,-103.618,46.31,68,36,6.69,US,1634868699
Busselton,9.6139,6.5569,74.7,90,80,2.3,NG,1634868862
busselton,20.8947,-156.47,82.42,73,40,19.57,US,1634868591
Faanui,32.3502,-85.1999,68.97,91,1,4.61,US,1634868863
faanui,47.6666,-52.7314,45.75,81,7,4,CA,1634868863
Hong Kong,67.667,12.6934,38.75,74,100,23.98,NO,1634868863
victoria,-38.2667,141.9667,59.52,82,87,9.51,AU,1634868864
Tezu,20.931,-17.0347,72.18,65,60,14.03,MR,1634868864
tezu,31.2656,56.8055,56.64,44,0,6.31,IR,1634868865
Bani Walid,38.421,-121.4238,72.1,82,20,1.01,US,1634868865
bani walid,62.55,155.55,0.1,78,8,0.6,RU,1634868865
Lebu,24.8,125.2833,75.04,79,100,28.9,JP,1634868866
lebu,50.3828,106.1056,39.16,48,0,4.18,RU,1634868866
Najrān,50.6977,103.4656,33.82,51,0,2.17,RU,1634868866
najran,-7.738,-72.6509,76.5,77,58,1.88,BR,1634868866
Zhangjiakou Shi Xuanhua Qu,78.2186,15.6401,15.64,92,40,5.75,SJ,1634868867
xuanhua,52.9599,4.7593,53.58,69,20,25.01,NL,1634868867
Pierre,-35.1667,173.1667,63.5,87,100,16.37,NZ,1634868868
pierre,5.4112,100.3354,84.88,76,20,3.44,MY,1634868735
Bilma,-33.918,25.5701,63.1,94,20,4.61,ZA,1634868868
bilma,-40.8135,-62.9967,50.4,69,41,11.14,AR,1634868869
Yafran,29.0361,114.5636,56.1,83,100,2.28,CN,1634868869
yafran,52.9785,13.3317,45.01,84,58,18.21,DE,1634868869
Atuona,48.2532,36.7347,47.84,87,100,15.37,UA,1634868870
atuona,-19.0595,-169.9187,78.69,61,75,18.41,NU,1634868870
Nantucket,64.4803,76.6897,28.15,96,100,8.95,RU,1634868870
nantucket,41.3712,-73.414,64.76,90,1,6.91,US,1634868871
Strezhevoy,62.5353,113.9611,33.78,89,62,7.25,RU,1634868871
strezhevoy,65.282,-126.8329,30.94,84,6,6.85,CA,1634868871
Dauphin,44.0787,-80.2041,53.76,98,100,12.91,CA,1634868872
dauphin,-20.2208,-70.1431,59.04,71,63,1.88,CL,1634868579
Gewanē,72.7868,-56.1549,21.99,93,100,9.35,GL,1634869474
gewane,40.1629,-8.3327,56.8,96,4,3.36,PT,1634869477
Chokurdakh,70.8578,29.0864,34.97,59,100,24.4,NO,1634869479
chokurdakh,22.9333,57.5333,74.05,57,4,0.47,OM,1634869481
Avarua,26.7292,33.9365,71.55,50,0,18.03,EG,1634869484
avarua,27.9769,-114.0611,68.16,79,0,12.41,MX,1634869486
Tuktoyaktuk,-16.7833,-151.5,79.29,73,1,9.13,PF,1634869488
tuktoyaktuk,71.9667,102.5,-4.36,100,98,4.61,RU,1634869491
Pangkalanbuun,21.65,-101.5,57.94,74,6,11.34,MX,1634869493
pangkalanbuun,32.6667,-17.1,69.01,64,50,5.06,PT,1634869495
Klaksvík,10.346,107.0843,81.81,79,98,7.76,VN,1634869498
klaksvik,21.1097,-76.1317,79.92,86,28,10.87,CU,1634869500
Baní,11.1373,123.7228,83.26,77,100,13.29,PH,1634869502
bani,-21.3585,55.7679,71.22,75,1,6.22,RE,1634869505
Broken Hill,-3.6954,128.1814,86.14,79,40,5.75,ID,1634869508
broken hill,-3.2997,-60.6206,72.18,90,97,3.89,BR,1634869510
Resen,26.1842,127.7558,69.85,91,90,14.97,JP,1634869512
resen,26.7617,-81.4384,78.98,74,52,8.66,US,1634869413
Arlit,-17.7125,-39.2481,72.7,89,100,9.35,BR,1634869517
arlit,-22.116,14.2845,54.86,90,0,1.1,NA,1634869519
Bah,11.9703,-85.1711,75.69,91,63,5.28,NI,1634869522
bah,-24.8667,113.6333,75.27,46,0,18.41,AU,1634869524
Puri,68.0531,39.5131,34.21,79,100,17.2,RU,1634869527
puri,30.4833,-115.95,64.9,78,0,11.83,MX,1634869529
Hithadhoo,20.5022,-10.0711,70.75,22,1,9.01,MR,1634869531
hithadhoo,-20.4081,57.7,75.25,88,40,9.22,MU,1634869534
Sola,60.4128,44.2397,47.5,97,100,10.6,RU,1634869536
sola,-33.9258,18.4232,61.21,73,75,7,ZA,1634869499
Drexel Heights,46.0901,3.4459,50.76,88,95,3.27,FR,1634869540
drexel heights,49.3997,-123.5027,59,91,100,6.17,CA,1634869543
Altamont,62.8833,152.4333,0.55,59,21,4.36,RU,1634869545
altamont,-5.6519,105.6801,82.31,80,100,3.96,ID,1634869547
High Rock,45.25,1.5,53.28,97,100,0.49,FR,1634869550
high rock,6.189,-67.4859,75.7,89,100,3.67,CO,1634869552
Hilo,37.4,136.9,59.68,58,40,9.22,JP,1634869554
hilo,7.0419,134.2556,86.5,70,25,7.4,PW,1634869557
Petrolina,14.4,46.4667,70.7,38,91,4.16,YE,1634869559
petrolina,-38.0023,-57.5575,62.62,89,90,5.01,AR,1634869561
Hukuntsi,42.7762,-9.0603,58.84,95,9,4.7,ES,1634869565
hukuntsi,-8.6136,120.4721,78.22,52,30,1.12,ID,1634869567
Nanortalik,37.5082,13.0881,69.1,86,71,9.26,IT,1634869570
nanortalik,-20.3428,57.7575,75.22,88,40,9.22,MU,1634869572
Pinawa,39.2446,55.5154,46.53,37,0,8.21,TM,1634869574
pinawa,55.3422,-131.6461,48.67,93,90,3.44,US,1634869300
Tiksi,46.4333,26.4,59.92,60,100,6.26,RO,1634869579
tiksi,-5.2246,145.7966,85.84,62,97,6.8,PG,1634869581
Kolpashevo,62.7084,56.1964,31.01,96,95,6.8,RU,1634869584
kolpashevo,53.1939,107.3397,39.65,78,29,7.67,RU,1634869586
Conakry,-13.8483,136.4192,93.07,52,8,6.91,AU,1634869588
conakry,54.7804,-127.1743,41.32,100,90,3.44,CA,1634869528
Hofn,33.7333,135.9833,65.39,89,100,4.85,JP,1634869593
hofn,53.3925,-2.5802,51.87,76,75,8.01,GB,1634869596
Faya,51.5333,92.8,37.11,57,20,1.1,RU,1634869598
faya,-0.8917,119.8707,86.94,67,100,2.59,ID,1634869600
New Norfolk,21.4447,-157.8378,82.11,69,90,10.36,US,1634869603
new norfolk,-17.6394,-71.3375,61.38,81,40,4.45,PE,1634869605
Lompoc,66.8333,70.8333,29.07,91,100,8.01,RU,1634869607
lompoc,-2.4177,115.2494,86.95,63,100,1.83,ID,1634869610
Vaini,4.25,-54.3833,73.62,96,98,2.59,GF,1634869612
vaini,51.0333,59.8742,33.71,96,100,21.56,RU,1634869614
Nikolskoye,63.05,179.3167,18.82,86,100,14.05,RU,1634869617
nikolskoye,37.1041,-113.5841,68.54,36,1,1.99,US,1634869619
San Patricio,-2.5744,150.7967,82.74,76,100,8.55,PG,1634869622
san patricio,-29.7831,-55.7919,57.15,75,0,8.23,BR,1634869624
Dhidhdhoo,41.7178,-8.8571,55.33,83,0,10.36,PT,1634869627
dhidhdhoo,-25.2406,130.9889,91.24,14,0,5.75,AU,1634869629
Soyo,40.5982,-124.1573,64.42,75,90,4,US,1634869632
soyo,51.5333,12.35,45.34,81,0,19.57,DE,1634869634
Iqaluit,44.5086,50.263,52.99,83,0,13.96,KZ,1634869636
iqaluit,-51.6226,-69.2181,46.45,39,0,17.27,AR,1634869639
Arnprior,1.6481,14.5806,69.33,96,95,0.27,CG,1634869641
arnprior,12.5058,39.5228,50.9,71,100,4.25,ET,1634869643
Vardø,39.05,-27.9833,67.87,72,94,11.14,PT,1634869646
vardo,69.3143,16.1194,37.38,65,90,24.16,NO,1634869648
Hof,70.4692,-68.5914,19.4,83,37,6.31,CA,1634869650
hof,-9.0853,-78.5783,62.96,89,49,7.87,PE,1634869653
Payo,-30.0319,-70.7081,47.93,57,0,0.87,CL,1634869655
payo,33.2833,134.15,64.44,74,100,12.08,JP,1634869657
Antofagasta,64.1835,-51.7216,30.81,74,75,13.8,GL,1634869660
antofagasta,51.0333,-4.2167,52.66,70,19,13.38,GB,1634869662
Umluj,29.2589,120.2311,58.84,71,98,8.72,CN,1634869664
umm lajj,-8.7676,160.7034,87.31,60,54,0.67,SB,1634869667
Koidu,-13.6833,48.45,71.91,92,53,2.68,MG,1634869669
koidu,-33.963,22.4617,58.55,100,90,10.36,ZA,1634869672
Saint Paul Harbor,-23.7,133.8833,90.95,15,0,11.5,AU,1634869674
kodiak,42.7297,133.0839,47.39,43,62,8.01,RU,1634869676
Fairbanks,51.226,-58.6502,38.68,64,65,6.22,CA,1634869679
fairbanks,-3.6667,152.4333,83.88,70,99,5.44,PG,1634869681
Katsuura,60.9167,-46.05,30.42,42,100,7.4,GL,1634869683
katsuura,36.4615,-77.6542,67.64,88,1,5.75,US,1634869686
Ispravnaya,-32.7167,152.15,74.77,67,34,4,AU,1634869688
ispravnaya,43.0645,44.7417,28.54,93,0,6.71,RU,1634869690
Puerto Ayora,51.3813,1.3862,45.7,73,0,18.99,GB,1634869693
puerto ayora,-31.4333,152.9167,75.88,65,12,7.96,AU,1634869659
Alamogordo,-3.1374,142.3475,84,74,74,5.79,PG,1634869697
alamogordo,14.8961,-24.4956,80.67,67,0,4.54,CV,1634869700
Tazmalt,30.7554,20.2263,68.67,50,34,7.54,LY,1634869702
tazmalt,-17.0667,15.7333,61.16,30,5,5.93,AO,1634869704
Kiama,39.0169,-94.2816,51.31,84,1,0,US,1634869706
kiama,-20.7377,116.8463,92.53,20,0,20.15,AU,1634869709
Souillac,14.9215,-23.5087,79.34,69,0,14.97,CV,1634869711
souillac,69.7008,170.3133,12.61,89,100,12.48,RU,1634869713
Bredasdorp,38.4167,77.2406,52.39,27,100,5.48,CN,1634869716
bredasdorp,-21.3393,55.4781,71.29,67,0,8.05,RE,1634869718
Saint Simons,7.7669,-72.225,68.18,98,41,1.92,VE,1634869721
saint simons,28.6585,-17.9182,70.12,66,90,1.99,ES,1634869723
Pangoa,-5.8906,-38.6219,79.7,71,92,7.34,BR,1634869725
pangoa,-33.6971,-53.4616,54.5,89,0,5.37,UY,1634869728
Samarai,33.194,-82.5271,66.74,70,67,5.84,US,1634869730
samarai,60.34,102.2797,34.83,79,71,6.38,RU,1634869732
Ville-Marie,-41.8697,-73.8203,46.42,87,76,5.7,CL,1634869735
ville-marie,22.6,-103.8667,68.02,43,39,6.02,MX,1634869737
Jinka,-13.2,49.05,70.45,94,53,1.48,MG,1634869739
jinka,-26.6481,15.1594,55.2,88,15,8.12,NA,1634869742
Kortkeros,57.6409,18.296,46.85,70,7,21.85,SE,1634869745
kortkeros,18.8003,110.3967,76.19,89,99,11.1,CN,1634869747
Williston,61.0296,76.1136,35.62,84,63,10.74,RU,1634869749
williston,35.2431,115.4411,59.05,47,54,6.13,CN,1634869752
Minna,64.8569,-147.8028,33.46,79,20,0,US,1634869718
minna,46.4631,10.347,39.24,93,19,4.54,IT,1634869756
Kahului,53.0452,158.6483,37.99,41,0,13.42,RU,1634869758
kahului,65.9939,57.5281,28.11,96,100,14.12,RU,1634869761
Russell,69.0125,23.0412,26.69,96,100,21.05,NO,1634869763
russell,17.35,82.55,79.45,84,100,2.51,IN,1634869765
Torbay,32.442,105.823,59.83,72,100,0.38,CN,1634869768
torbay,48.6499,-53.1147,46.11,75,41,20.6,CA,1634869770
Sørland,-17.4208,-70.5133,63.55,47,0,0.38,PE,1634869773
sorland,37.9837,13.6956,72.75,72,44,10.49,IT,1634869775
Codrington,3.3,117.6333,80.1,89,75,3.44,ID,1634869506
codrington,26.3544,127.8686,69.8,90,90,18.41,JP,1634869780
Nouadhibou,11.6667,92.75,82.02,78,100,1.83,IN,1634869782
nouadhibou,21.4267,39.8261,78.98,41,92,3.62,SA,1634869785
Rāvar,10.5669,72.642,81.81,78,100,9.73,IN,1634869787
ravar,-17,145.4333,92.32,41,11,9.01,AU,1634869789
Laguna,0.1333,117.5,82.08,76,100,3.49,ID,1634869792
laguna,67.45,153.6833,1.72,88,72,3.83,RU,1634869794
Dukat,41.1415,-73.3579,66.74,88,1,1.01,US,1634869735
dukat,-17.8,-63.1667,80.06,61,87,5.75,BO,1634869799
Hirara,-33.0117,17.9442,59.05,82,100,18.88,ZA,1634869801
hirara,44.2657,12.3427,66.99,79,0,2.3,IT,1634869804
Naushki,35.5392,106.6861,47.55,50,100,12.21,CN,1634869807
naushki,9.5334,31.6605,73.06,80,66,3.6,SS,1634869809
Bayangol,50.5167,115.1333,45.28,44,0,5.55,RU,1634869812
bayangol,36.4072,-105.5731,51.46,23,1,10,US,1634869815
Rodrigues Alves,51.5,156.5167,38.32,66,35,8.79,RU,1634869817
rodrigues alves,-15.89,-52.2567,75.97,74,25,2.62,BR,1634869820
Longyearbyen,53.7959,17.9765,44.65,71,98,17.9,PL,1634869822
longyearbyen,64.3833,-173.3,28.51,64,90,11.18,RU,1634869824
Den Helder,-30.1811,-50.2056,64.24,86,0,13.33,BR,1634869827
den helder,-23.7781,-45.3581,65.79,86,100,8.68,BR,1634869631
Ahipara,-3.4833,23.4333,67.15,100,100,1.63,CD,1634869831
ahipara,32.25,67.25,55.74,25,2,20.13,AF,1634869833
George Town,-1.2667,104.0833,86.22,67,100,2.82,ID,1634869836
georgetown,18.2164,42.5053,58.82,28,0,5.75,SA,1634869730
Port Elizabeth,48.2156,18.6071,51.49,96,50,5.91,SK,1634869840
port elizabeth,10.9995,122.6711,84.52,76,69,12.73,PH,1634869843
Viedma,69.2167,-51.1,28.42,74,20,4.61,GL,1634869845
viedma,32.5341,20.5791,66.11,54,18,4.47,LY,1634869847
Yining,63.9242,127.4739,26.04,92,97,7.36,RU,1634869850
yining,-21.6667,45.1667,68.32,63,0,1.1,MG,1634869852
Zehdenick,50.6789,156.125,39.69,66,100,9.93,RU,1634869855
zehdenick,54.4333,-124.25,41.88,85,100,5.14,CA,1634869858
Mezhova,19.2938,100.8617,74.53,100,100,2.57,TH,1634869861
mezhova,30.3658,-88.5561,73.45,96,1,0,US,1634869863
Alofi,51.3572,112.4849,41.81,49,2,3.31,RU,1634869866
alofi,32.6881,128.8419,66.56,48,40,17.27,JP,1634869868
Purpe,66.3167,-179.1667,14.9,94,93,2.24,RU,1634869871
purpe,37.9514,-91.7713,51.24,84,1,1.99,US,1634869873
Bethel,39.3558,-9.3811,61.61,83,0,20.18,PT,1634869875
bethel,34.0389,-6.8166,68.02,100,75,0,MA,1634869878
Mirny,-3.7481,-73.2472,77.04,94,75,1.14,PE,1634869880
mirnyy,-45.8667,-67.5,49.86,32,0,3.44,AR,1634869883
Norman Wells,41.5875,-109.2029,49.44,53,1,1.01,US,1634869885
norman wells,-0.1934,-74.7819,76.17,82,100,1.1,CO,1634869887
Shelburne,63.0128,112.4714,33.94,89,87,7.36,RU,1634869890
shelburne,8.133,4.25,71.67,98,47,3.71,NG,1634869892
Iquique,27.6881,111.4294,51.75,92,100,2.91,CN,1634869895
iquique,26.8833,-111.9833,74.16,62,0,4.88,MX,1634869897
Upernavik,24.1333,89.0833,80.51,61,13,1.12,BD,1634869899
upernavik,58.4036,49.0572,46.09,98,100,11.05,RU,1634869902
Lata,-10.1667,123.5833,90.18,66,40,10.36,ID,1634869905
lata,58.9564,126.2925,38.89,92,100,12.48,RU,1634869908
Berlevåg,-6.2167,155.6333,79.83,87,100,9.01,PG,1634869910
berlevag,-28.7667,114.6,74.12,43,0,14.97,AU,1634869912
Nizwá,11.2408,-74.199,80.65,83,75,9.22,CO,1634869823
nizwa,-28.783,32.0377,68.31,82,100,17.27,ZA,1634869917
Safaga,13.2167,80.3167,84.29,71,19,4.56,IN,1634869919
safaga,41.5284,-87.4237,52.39,91,90,1.01,US,1634869922
Guerrero Negro,-19.55,169.2667,82.51,69,75,2.3,VU,1634869924
guerrero negro,39.4696,3.1483,64.13,69,24,12.06,ES,1634869927
Tevaitoa,18.9048,-3.5265,73.18,25,5,9.48,ML,1634869929
tevaitoa,-21.8333,46.9333,61.93,83,72,2.89,MG,1634869932
Khatanga,25.7743,-80.1937,82.02,79,20,1.99,US,1634869800
khatanga,35.55,133.2333,64.38,55,75,3.44,JP,1634869936
Ocampo,60.8156,-115.7999,42.78,56,20,8.05,CA,1634869809
ocampo,2.4312,103.8405,78.71,94,40,2.3,MY,1634869941
Ponta do Sol,42.0411,-87.6901,51.91,87,90,1.99,US,1634869831
ponta do sol,60.7522,-137.5108,31.95,93,100,1.14,CA,1634869945
Vung Tau,51.0693,-1.7957,45.48,90,20,8.05,GB,1634869810
vung tau,13.7667,109.2333,82.51,76,93,10.07,VN,1634869950
Gibara,-5.1989,-35.4608,79.7,80,17,9.89,BR,1634869686
gibara,-32.55,115.7,69.22,57,41,6.13,AU,1634869954
Sulangan,40.1644,38.0867,46.78,41,0,1.99,TR,1634869957
sulangan,47.8043,67.7144,33.12,58,92,12.91,KZ,1634869959
Saint-Philippe,18.4167,-95.1167,71.53,94,78,3.42,MX,1634869961
saint-philippe,68.7098,-52.8699,21.22,93,100,6.6,GL,1634869964
Ambon City,54.2797,-0.4044,48.02,84,29,3,GB,1634869966
ambon,4.6374,103.4368,75.13,94,40,0,MY,1634869968
Manacapuru,43.7286,127.3447,47.52,39,2,6.78,CN,1634869971
manacapuru,0.3833,9.7833,78.57,96,95,3.15,GA,1634869973
Nishihara,54.3161,-130.3201,50.09,93,90,9.22,CA,1634869975
nishihara,50.6996,-127.4199,51.8,93,75,23.02,CA,1634869978
LaBelle,-9.1667,-60.6333,73.06,98,100,1.9,BR,1634869980
labelle,4.8845,-1.7554,77,89,100,5.39,GH,1634869982
Caravelas,39.1834,-84.5333,55.04,78,1,1.99,US,1634869708
caravelas,21.0167,75.5667,76.17,52,6,3.02,IN,1634869987
Henties Bay,38.6979,-9.4215,61.5,71,0,5.01,PT,1634869989
henties bay,53.2168,-106.4011,27.63,51,5,9.78,CA,1634869992
Acoyapa,54.675,20.1347,46.45,70,41,29.82,RU,1634869901
acoyapa,51.9556,66.4042,31.53,85,100,19.48,KZ,1634869996
Carnarvon,20.0058,110.3542,71.58,94,90,13.42,CN,1634869998
carnarvon,27.8,79.8,73.83,48,0,3.13,IN,1634870001
Ostrovnoy,41.1231,80.2644,56.97,24,80,3.6,CN,1634870003
ostrovnoy,-0.0333,109.3333,76.98,94,75,5.75,ID,1634870006
San Quintín,35.6009,-82.554,63.41,92,75,8.05,US,1634869913
san quintin,-1.195,-46.02,77.14,90,40,4.9,BR,1634870010
Adrar,43.2686,-7.5406,50,100,29,0.76,ES,1634870012
adrar,34.6667,138.95,55.76,90,100,18.28,JP,1634870015
Mahébourg,35.3849,-77.9928,68.31,70,1,6.91,US,1634870017
mahebourg,63.6559,9.5683,43.02,87,75,27.63,NO,1634870019
Nyuksenitsa,41.4635,48.806,50.32,56,0,2.73,AZ,1634870022
nyuksenitsa,53.0733,82.3408,41.77,68,100,14,RU,1634870024
Cape Town,35.7333,140.8333,54,87,100,18.9,JP,1634870026
cape town,61.994,-49.6678,36.93,60,31,13.47,GL,1634870029
Hauterive,65.441,52.1498,28.9,96,91,4.25,RU,1634870031
hauterive,46.6811,-68.0159,52.29,94,90,3.44,US,1634870034
Gibsons,-2.0226,147.2712,78.91,84,100,3.78,PG,1634870036
gibsons,34.9833,139.8667,55.67,82,90,10.36,JP,1634870039
Seymchan,-11.7022,43.2551,75.96,83,15,8.46,KM,1634870041
seymchan,11.1833,40.0167,62.56,44,94,3.74,ET,1634870044
Palas,19.8667,-103.6167,64.45,72,14,1.14,MX,1634870046
palas,48.7555,-91.6216,30.07,80,57,3.96,CA,1634870049
Arrondissement de Brive-la-Gaillarde,-5.795,-35.2094,80.82,83,40,8.05,BR,1634869909
brive-la-gaillarde,49.3163,-124.3195,54.72,99,100,27.63,CA,1634870054
Puerto Carreño,5.9485,80.5353,83.34,74,41,7.43,LK,1634870056
puerto carreno,-20.2078,57.7625,76.08,78,46,11.45,MU,1634870058
Wajima,64.5667,143.2,11.68,89,100,2.68,RU,1634870061
wajima,-34.6534,-58.6198,71.35,63,19,3,AR,1634870063
Kloulklubed,57.8057,42.2433,47.89,90,100,12.62,RU,1634870066
kloulklubed,-5.6667,132.75,82.62,71,77,3.11,ID,1634870068
Marzuq,-7.2597,-34.9075,80.06,83,40,5.75,BR,1634870071
marzuq,16.7333,82.2167,81,67,99,2.8,IN,1634870073
Mar del Plata,50.5852,34.4849,49.75,79,96,14.09,UA,1634870075
mar del plata,46.3834,-75.966,57.58,94,100,8.05,CA,1634870078
Muros,66.7697,123.3711,20.84,88,78,10.87,RU,1634870080
muros,37.4695,-105.87,42.66,26,29,1.07,US,1634870082
Ruteng,0.5333,72.9333,82.63,68,79,7.07,MV,1634870087
ruteng,54.9229,43.2298,49.75,78,100,16.78,RU,1634870089
Sciacca,36.3209,41.8754,62.26,30,0,2.21,IQ,1634870092
sciacca,-45.75,170.5667,54.81,75,1,10.2,NZ,1634870094
Bambous Virieux,66.4167,112.4,25.32,87,100,1.92,RU,1634870096
bambous virieux,4.6482,22.2633,68.43,99,100,1.1,CF,1634870099
Bereket,40.8021,-124.1637,64.67,93,100,10,US,1634870091
gazanjyk,-18.0607,13.84,60.42,30,63,3.42,NA,1634870103
Ketchikan,62.1444,117.6319,38.86,84,64,8.41,RU,1634870106
ketchikan,48.0443,30.8507,50.34,68,16,6.71,UA,1634870058
Asău,1.7427,98.7792,84.83,64,97,3,ID,1634870110
asau,42.0304,-8.1588,44.33,89,1,4.12,PT,1634870113
Madang,30.7833,75.4833,77.31,25,2,4.45,IN,1634870115
madang,13.6017,26.6876,82.53,25,97,16.62,SD,1634870117
Troitsko-Pechorsk,58.6881,99.1844,40.89,65,61,4.59,RU,1634870120
troitsko-pechorsk,-35.1,173.7833,61.32,96,100,15.66,NZ,1634870122
Khuzhir,10.4795,16.7117,74.86,82,100,3.74,TD,1634870124
khuzhir,-26.1775,-58.1781,69.78,60,0,5.75,AR,1634870127
Alyangula,-26.4,-54.7667,59.9,83,16,0.78,PY,1634870129
alyangula,51.4617,-112.7101,46.26,52,47,4.61,CA,1634870131
Smithers,19.1059,37.3321,79.29,75,51,8.41,SD,1634870134
smithers,56.9064,118.2631,36.99,68,81,1.79,RU,1634870136
Shingū,13.3154,12.6113,82.81,47,18,6.78,NE,1634870138
shingu,69.4865,88.3972,20.88,97,98,3.76,RU,1634870141
Warrington,10.3997,-75.5144,78.42,94,75,2.3,CO,1634870143
warrington,16.5167,-98.75,77.22,91,100,1.7,MX,1634870145
Shagonar,20.15,92.9,80.62,83,98,4.38,MM,1634870148
shagonar,29.585,-81.2078,78.01,69,98,5.01,US,1634870150
Palu,47.6931,40.1025,49.44,91,31,11.99,RU,1634870152
palu,65.8481,24.1466,32.02,90,100,21.14,FI,1634870155
‘Āhuimanu,41.7992,-85.4192,52.05,57,90,10.36,US,1634870157
ahuimanu,68.861,18.3486,35.56,68,100,8.01,NO,1634870160
Ilo,45.1667,10.7833,57.72,95,68,0.67,IT,1634870162
ilo,3.7833,72.9667,81.64,71,18,6.93,MV,1634870165
Yar-Sale,40.8106,111.6522,44.89,31,0,2.24,CN,1634870167
yar-sale,-8.103,156.8419,81.91,76,99,9.1,SB,1634870169
Amuntai,12.524,-70.027,82.35,78,20,18.41,AW,1634870172
amuntai,-11.3847,43.2844,76.91,79,17,4.76,KM,1634870174
Grand-Santi,13.2167,-59.5167,83.01,74,20,26.46,BB,1634870177
grand-santi,9.3333,-82.25,83.07,82,68,4.88,PA,1634870010
Yasnyy,-20.1,146.2667,98.31,26,1,15.43,AU,1634870181
yasnyy,30.5833,114.2667,62.11,67,96,6.4,CN,1634870127
Beringovskiy,-42.7167,170.9667,61.23,62,50,6.38,NZ,1634870185
beringovskiy,37.7333,-25.6667,61.52,88,20,3.44,PT,1634870188
Saint George,-34.6469,-56.0628,62.22,72,0,8.32,UY,1634870190
saint george,41.4667,-91.1335,50.04,81,90,1.01,US,1634870192
Kavieng,62.0989,126.6992,34.81,82,100,11.21,RU,1634870195
kavieng,-14.6585,17.691,63.61,90,100,3.53,AO,1634870197
Alegrete,9.4092,45.064,69.35,41,87,5.75,SO,1634870200
alegrete,46.8267,-100.8896,41.04,74,75,6.91,US,1634870163
Areosa,30.4202,-9.5982,66.65,82,6,4.52,MA,1634870204
areosa,-22.2763,166.4572,84.18,71,63,9.66,NC,1634870207
Yulara,-35.85,-71.6,49.73,82,97,7.83,CL,1634870209
yulara,49.7386,84.2719,46.98,44,98,1.79,KZ,1634870211
Fortuna,60,-1.25,40.82,70,40,25.32,GB,1634870214
fortuna,-8.65,115.2167,83.86,79,40,12.66,ID,1634870097
Delitzsch,12.6664,100.9007,88.29,79,20,0,TH,1634870218
delitzsch,54.4299,31.8996,49.64,75,59,15.95,RU,1634870220
Fort-Shevchenko,-43.3002,-65.1023,50.45,64,87,2.62,AR,1634870223
fort-shevchenko,47.8167,35.1833,54.7,87,75,13.42,UA,1634870225
Río Gallegos,16.8634,-99.8901,82.22,78,90,2.3,MX,1634869969
rio gallegos,56.0013,55.9213,38.17,100,100,9.93,RU,1634870230
Sémbé,43.6475,111.9767,42.69,36,0,5.44,CN,1634870162
sembe,-35.35,150.4667,74.3,68,42,9.69,AU,1634870234
Korem,-21.6403,-41.0511,66.63,76,68,4.83,BR,1634870236
korem,58.1394,52.6584,41.34,99,100,9.01,RU,1634870239
Lagoa,23.9167,87.5333,80.24,61,0,0.65,IN,1634870241
lagoa,-37.8811,147.981,78.57,67,11,9.66,AU,1634870244
Andenes,-7.3,27.4167,68.94,97,100,3.65,CD,1634870246
andenes,6.0667,-8.1281,70.9,100,100,2.57,LR,1634870248
Clyde River,31.8111,121.655,69.04,55,96,17.63,CN,1634870251
clyde river,70.9457,27.3465,33.64,64,97,22.06,NO,1634870253
Chimbote,-4.9667,23.45,68.38,100,100,0.78,CD,1634870255
chimbote,68.2191,-135.0107,36.43,82,59,13.62,CA,1634870258
Vicuña,39.9376,-77.6611,66.88,86,73,5.01,US,1634870124
vicuna,1.3292,172.9752,86,70,20,13.8,KI,1634870262
Muroto-misakicho,43.213,-8.691,54.86,94,20,0.87,ES,1634870264
muroto,-15.1961,12.1522,63.82,73,51,9.57,AO,1634870267
Nuuk,41.7912,0.8109,56.41,86,88,3.58,ES,1634870269
nuuk,1.4451,125.1824,88.65,70,100,9.57,ID,1634870272
Northam,50.35,90.5,30.2,58,12,3.83,RU,1634870274
northam,48.0448,40.045,48.34,86,76,19.33,RU,1634870277
Wuning,-34.0527,23.3716,62.06,97,100,3.44,ZA,1634870279
wuning,23,-102.1667,66.54,59,2,16.8,MX,1634870281
Auki,41.7597,86.1469,57.92,27,82,7.83,CN,1634870284
auki,1.05,101.2833,79.21,69,100,1.19,ID,1634870286
Ambanja,8.5874,-73.839,74.34,95,11,1.28,CO,1634870289
ambanja,57.509,72.4042,33.28,94,100,11.32,RU,1634870291
George,63.7256,8.834,42.91,75,100,24.81,NO,1634870293
george,30.6945,78.4932,62.91,36,3,1.01,IN,1634870296
Alice Springs,12.485,-16.5469,79.25,83,100,2.24,SN,1634870298
alice springs,4.1363,96.1285,80.35,84,80,5.08,ID,1634870300
Vrangel',9.4942,50.8122,75.88,84,63,4.65,SO,1634870303
vrangel,28.5004,-13.8627,71.35,83,42,17.27,ES,1634870305
Saint-Augustin,8.0833,77.5667,82.11,74,78,3.94,IN,1634870308
saint-augustin,-15.0725,-57.1811,78.67,67,25,1.79,BR,1634870310
Namatanai,68.5333,146.4167,-0.85,80,77,4.18,RU,1634870312
namatanai,2.9167,73.5667,81.82,70,17,7.52,MV,1634870315
Narsaq,19.2833,-98.3833,61.02,63,40,11.5,MX,1634870317
narsaq,-13.7,-76.2167,61.02,82,0,12.66,PE,1634870320
Roanoke Rapids,54.1502,-115.6855,43.84,52,1,10.36,CA,1634870246
roanoke rapids,20.5169,-13.0499,74.37,18,35,7.43,MR,1634870325
Nelson Bay,-20.2333,164.0167,75.6,74,5,9.33,NC,1634870327
nelson bay,7.3833,8.5667,72.27,96,99,4.9,NG,1634870329
Oktyabr'skoye,34.6182,-79.0086,72.34,72,10,11.25,US,1634870332
oktyabrskoye,-34.0033,24.7314,61.88,92,100,4.41,ZA,1634870334
Margate,42.1584,-72.3287,62.22,79,75,9.22,US,1634870336
margate,47.3805,30.1964,52.74,58,18,4.85,UA,1634870339
Port Macquarie,-9.1061,124.8925,89.49,49,74,5.35,ID,1634870341
port macquarie,37.694,-85.8591,54.41,77,1,4.61,US,1634870343
Aitape,-9.4333,159.95,86.38,65,95,4.47,SB,1634870346
aitape,57.0531,-135.33,55.29,54,75,16.11,US,1634870348
São Filipe,-39.4833,175.6667,60.8,42,98,4.41,NZ,1634870351
sao filipe,48.1,136.1,40.98,56,85,6.02,RU,1634870353
Ajdabiya,49.7834,-74.8492,38.98,97,100,4,CA,1634870356
ajdabiya,30.7167,-109.5833,68.05,30,0,5.06,MX,1634870358
Ondjiva,-7.9386,110.2506,69.73,70,100,11.99,ID,1634870360
ondjiva,-6.4167,20.8,69.82,99,100,0.34,CD,1634870363
Blue Springs,-20.0064,57.6608,76.37,74,53,5.01,MU,1634870365
blue springs,-23.1811,-50.6467,66.83,74,0,5.37,BR,1634870367
Karratha,59.3833,143.3,19.36,63,94,4.09,RU,1634870371
karratha,-4.85,21.5667,66.7,100,97,1.63,CD,1634870373
Praia,40.9221,14.7418,61.52,91,100,4.25,IT,1634870376
praia,61.0587,28.1887,46.45,93,90,14.97,FI,1634870378
Pevek,11.472,49.8728,78.87,55,56,2.44,SO,1634870380
pevek,61.9449,76.6625,40.19,84,100,11.86,RU,1634870383
Shache,11.3333,-14.9333,74.95,93,88,0.72,GW,1634870385
shache,28.5202,68.5434,76.53,53,0,4.36,PK,1634870387
Saint-Pierre,58.6461,30.3027,45.05,70,19,18.48,RU,1634870391
saint-pierre,20.7833,97.0333,70.63,79,95,4.09,MM,1634870393
San Cristobal,36.6177,-121.9166,66.76,91,40,1.99,US,1634870395
san cristobal,35.1833,132.5,61.57,60,93,3.18,JP,1634870398
Los Llanos de Aridane,63.4427,-20.2734,42.75,66,97,20.92,IS,1634870400
los llanos de aridane,43.3236,145.575,50.43,73,91,6.89,JP,1634870403
Jaguaribe,42.1167,118.7833,46.76,30,0,9.4,CN,1634870405
jaguaribe,51.8,68.3333,33.04,58,100,17.27,KZ,1634870408
Chui,13.1007,2.3689,86.56,49,81,7.65,NE,1634870411
chuy,52.5178,99.825,34.7,32,10,1.99,RU,1634870414
Avera,-9.0763,143.2092,87.08,61,61,10.65,PG,1634870416
avera,32.9333,132.7333,67.64,55,37,8.57,JP,1634870418
Vanavara,66.0449,-17.3389,28.31,78,98,12.01,IS,1634870421
vanavara,34.7334,-86.5667,67.77,96,1,7,US,1634870400
Ancud,-8.2578,-49.2647,75.78,88,71,2.82,BR,1634870425
ancud,-21.9925,-48.3908,62.8,76,0,7.2,BR,1634870428
Huejuquilla el Alto,-20.7333,139.5,98.37,22,0,6.91,AU,1634870430
huejuquilla el alto,-5.3582,104.9744,88.07,61,99,1.61,ID,1634870432
Ambilobe,65.8167,87.9833,33.6,96,100,7.81,RU,1634870435
ambilobe,22.8909,-109.9124,80.62,81,1,1.99,MX,1634870437
Lüderitz,-2.9667,-47.4833,73.83,95,99,3.49,BR,1634870440
luderitz,-8.145,159.5921,82.17,75,100,5.79,SB,1634870442
Visby,70.9963,24.6622,34.68,57,100,23.26,NO,1634870445
visby,-28.4478,21.2561,59.38,94,40,4.61,ZA,1634870447
Wanning,49.1919,-98.1014,32.38,80,85,2.3,CA,1634870449
wanning,26.326,43.975,70.25,44,0,9.19,SA,1634870297
Megion,32.9537,-96.8903,72.75,49,20,1.01,US,1634870454
megion,-7.6337,39.0582,70.39,88,78,0.54,TZ,1634870456
Heze,17.0151,54.0924,73.49,73,20,3.44,OM,1634870459
heze,64.5011,-165.4064,32.07,86,90,9.22,US,1634870461
College,,,,,,,,
college,,,,,,,,
Oga,,,,,,,,
oga,,,,,,,,
Petropavlovsk-Kamchatskiy,,,,,,,,
petropavlovsk-kamchatskiy,,,,,,,,
Usinsk,,,,,,,,
usinsk,,,,,,,,
Kautokeino,,,,,,,,
kautokeino,,,,,,,,
Tuni,,,,,,,,
tuni,,,,,,,,
Guangyuan,,,,,,,,
guangyuan,,,,,,,,
Bonavista,,,,,,,,
bonavista,,,,,,,,
Ilabaya,,,,,,,,
ilabaya,,,,,,,,
Termini Imerese,,,,,,,,
termini imerese,,,,,,,,
Tarakan,,,,,,,,
tarakan,,,,,,,,
Gushikawa,,,,,,,,
gushikawa,,,,,,,,
Port Blair,,,,,,,,
port blair,,,,,,,,
Makkah al Mukarramah,,,,,,,,
mecca,,,,,,,,
Kavaratti,,,,,,,,
kavaratti,,,,,,,,
Mareeba,,,,,,,,
mareeba,,,,,,,,
Bontang,,,,,,,,
bontang,,,,,,,,
Srednekolymsk,,,,,,,,
srednekolymsk,,,,,,,,
Westport,,,,,,,,
westport,,,,,,,,
Santa Cruz de la Sierra,,,,,,,,
santa cruz,,,,,,,,
Saldanha,,,,,,,,
saldanha,,,,,,,,
Cervia,,,,,,,,
cervia,,,,,,,,
Pingliang,,,,,,,,
pingliang,,,,,,,,
Malakal,,,,,,,,
malakal,,,,,,,,
Nizhniy Tsasuchey,,,,,,,,
nizhniy tsasuchey,,,,,,,,
Taos,,,,,,,,
taos,,,,,,,,
Ozernovskiy,,,,,,,,
ozernovskiy,,,,,,,,
Barra do Garças,,,,,,,,
barra do garcas,,,,,,,,
Czersk,,,,,,,,
czersk,,,,,,,,
Provideniya,,,,,,,,
provideniya,,,,,,,,
Cidreira,,,,,,,,
cidreira,,,,,,,,
Ilhabela,,,,,,,,
ilhabela,,,,,,,,
Lodja,,,,,,,,
lodja,,,,,,,,
Zabul Province,,,,,,,,
zabol,,,,,,,,
Simpang,,,,,,,,
simpang,,,,,,,,
Abhā,,,,,,,,
abha,,,,,,,,
Levice,,,,,,,,
leua,,,,,,,,
Dingle,,,,,,,,
dingle,,,,,,,,
Ilulissat,,,,,,,,
ilulissat,,,,,,,,
Tūkrah,,,,,,,,
tukrah,,,,,,,,
Sangar,,,,,,,,
sangar,,,,,,,,
Beroroha,,,,,,,,
beroroha,,,,,,,,
Severo-Kuril'sk,,,,,,,,
severo-kurilsk,,,,,,,,
Fort Saint James,,,,,,,,
fort saint james,,,,,,,,
Chiang Klang,,,,,,,,
chiang klang,,,,,,,,
Pascagoula,,,,,,,,
pascagoula,,,,,,,,
Ulety,,,,,,,,
ulety,,,,,,,,
Fukuechō,,,,,,,,
fukue,,,,,,,,
Egvekinot,,,,,,,,
egvekinot,,,,,,,,
Rolla,,,,,,,,
rolla,,,,,,,,
Peniche,,,,,,,,
peniche,,,,,,,,
Salé,,,,,,,,
sale,,,,,,,,
Iquitos,,,,,,,,
iquitos,,,,,,,,
Comodoro Rivadavia,,,,,,,,
comodoro rivadavia,,,,,,,,
Rock Springs,,,,,,,,
rock springs,,,,,,,,
Caucayá,,,,,,,,
puerto leguizamo,,,,,,,,
Chernyshevskiy,,,,,,,,
chernyshevskiy,,,,,,,,
Ogbomosho,,,,,,,,
ogbomosho,,,,,,,,
Lengshuijiang,,,,,,,,
lengshuijiang,,,,,,,,
Mulegé,,,,,,,,
mulege,,,,,,,,
Ishurdi,,,,,,,,
ishurdi,,,,,,,,
Orichi,,,,,,,,
orichi,,,,,,,,
Kupang,,,,,,,,
kupang,,,,,,,,
Tommot,,,,,,,,
tommot,,,,,,,,
Kieta,,,,,,,,
kieta,,,,,,,,
Geraldton,,,,,,,,
geraldton,,,,,,,,
Santa Marta,,,,,,,,
santa marta,,,,,,,,
Richards Bay,,,,,,,,
richards bay,,,,,,,,
Kattivākkam,,,,,,,,
kattivakkam,,,,,,,,
Griffith,,,,,,,,
griffith,,,,,,,,
Isangel,,,,,,,,
isangel,,,,,,,,
Felanitx,,,,,,,,
felanitx,,,,,,,,
Araouane,,,,,,,,
araouane,,,,,,,,
Ambalavao,,,,,,,,
ambalavao,,,,,,,,
Miami,,,,,,,,
miami,,,,,,,,
Sakaiminato,,,,,,,,
sakaiminato,,,,,,,,
Hay River,,,,,,,,
hay river,,,,,,,,
Mersing,,,,,,,,
mersing,,,,,,,,
Evanston,,,,,,,,
evanston,,,,,,,,
Haines Junction,,,,,,,,
haines junction,,,,,,,,
Salisbury,,,,,,,,
salisbury,,,,,,,,
Qui Nhon,,,,,,,,
qui nhon,,,,,,,,
Touros,,,,,,,,
touros,,,,,,,,
Mandurah,,,,,,,,
mandurah,,,,,,,,
Suşehri,,,,,,,,
susehri,,,,,,,,
Zhezkazgan,,,,,,,,
zhezkazgan,,,,,,,,
Catemaco,,,,,,,,
catemaco,,,,,,,,
Aasiaat,,,,,,,,
aasiaat,,,,,,,,
Scarborough,,,,,,,,
scarborough,,,,,,,,
Paka,,,,,,,,
paka,,,,,,,,
Minzhu,,,,,,,,
jiaohe,,,,,,,,
Ntoum,,,,,,,,
nkan,,,,,,,,
Prince Rupert,,,,,,,,
prince rupert,,,,,,,,
Port Hardy,,,,,,,,
port hardy,,,,,,,,
Aripuanã,,,,,,,,
aripuana,,,,,,,,
Takoradze,,,,,,,,
takoradi,,,,,,,,
Hamilton,,,,,,,,
hamilton,,,,,,,,
Jalgaon,,,,,,,,
jalgaon,,,,,,,,
Cascais,,,,,,,,
cascais,,,,,,,,
Shellbrook,,,,,,,,
shellbrook,,,,,,,,
Tsimmerbude,,,,,,,,
svetlyy,,,,,,,,
Esil,,,,,,,,
esil,,,,,,,,
Qiongshan,,,,,,,,
qiongshan,,,,,,,,
Kānt,,,,,,,,
kant,,,,,,,,
Aksu,,,,,,,,
aksu,,,,,,,,
Pontianak,,,,,,,,
pontianak,,,,,,,,
Asheville,,,,,,,,
asheville,,,,,,,,
Carutapera,,,,,,,,
carutapera,,,,,,,,
Bereda,,,,,,,,
bereda,,,,,,,,
Shimoda,,,,,,,,
shimoda,,,,,,,,
Goldsboro,,,,,,,,
goldsboro,,,,,,,,
Beian,,,,,,,,
beian,,,,,,,,
Xaçmaz,,,,,,,,
xacmaz,,,,,,,,
Rebrikha,,,,,,,,
rebrikha,,,,,,,,
Hasaki,,,,,,,,
hasaki,,,,,,,,
Paamiut,,,,,,,,
paamiut,,,,,,,,
Ust-Tsilma,,,,,,,,
ust-tsilma,,,,,,,,
Presque Isle,,,,,,,,
presque isle,,,,,,,,
Lorengau,,,,,,,,
lorengau,,,,,,,,
Tateyama,,,,,,,,
tateyama,,,,,,,,
Moroni,,,,,,,,
moroni,,,,,,,,
Batī,,,,,,,,
bati,,,,,,,,
Sayula,,,,,,,,
sayula,,,,,,,,
Atikokan,,,,,,,,
atikokan,,,,,,,,
Natal,,,,,,,,
natal,,,,,,,,
Parksville,,,,,,,,
parksville,,,,,,,,
Matara,,,,,,,,
matara,,,,,,,,
Quatre Cocos,,,,,,,,
quatre cocos,,,,,,,,
Ust-Nera,,,,,,,,
ust-nera,,,,,,,,
Morón,,,,,,,,
moron,,,,,,,,
Ostrovskoye,,,,,,,,
ostrovskoye,,,,,,,,
Tual,,,,,,,,
tual,,,,,,,,
Conde,,,,,,,,
conde,,,,,,,,
Yanam,,,,,,,,
yanam,,,,,,,,
Lebedyn,,,,,,,,
lebedyn,,,,,,,,
Maniwaki,,,,,,,,
maniwaki,,,,,,,,
Zhigansk,,,,,,,,
zhigansk,,,,,,,,
Alamosa,,,,,,,,
alamosa,,,,,,,,
Thinadhoo,,,,,,,,
thinadhoo,,,,,,,,
Satis,,,,,,,,
satis,,,,,,,,
Sinjār,,,,,,,,
sinjar,,,,,,,,
Waitati,,,,,,,,
waitati,,,,,,,,
Udachny,,,,,,,,
udachnyy,,,,,,,,
Gambo,,,,,,,,
gambo,,,,,,,,
Eureka,,,,,,,,
eureka,,,,,,,,
Opuwo,,,,,,,,
opuwo,,,,,,,,
Suntar,,,,,,,,
suntar,,,,,,,,
Pervomays'k,,,,,,,,
pervomaysk,,,,,,,,
Sibolga,,,,,,,,
sibolga,,,,,,,,
Vila,,,,,,,,
vila,,,,,,,,
Jagraon,,,,,,,,
jagraon,,,,,,,,
Umm Kaddadah,,,,,,,,
umm kaddadah,,,,,,,,
Kodinsk,,,,,,,,
kodinsk,,,,,,,,
Kaeo,,,,,,,,
kaeo,,,,,,,,
Bousso,,,,,,,,
bousso,,,,,,,,
Formosa,,,,,,,,
formosa,,,,,,,,
Colonia Carlos Antonio López,,,,,,,,
carlos antonio lopez,,,,,,,,
Drumheller,,,,,,,,
drumheller,,,,,,,,
Sawākin,,,,,,,,
sawakin,,,,,,,,
Chara,,,,,,,,
chara,,,,,,,,
Diffa,,,,,,,,
diffa,,,,,,,,
Talnakh,,,,,,,,
talnakh,,,,,,,,
Cartagena,,,,,,,,
cartagena,,,,,,,,
Barra de Tecoanapa,,,,,,,,
tecoanapa,,,,,,,,
Sittwe,,,,,,,,
akyab,,,,,,,,
Palm Coast,,,,,,,,
palm coast,,,,,,,,
Mayskiy,,,,,,,,
mayskiy,,,,,,,,
Tornio,,,,,,,,
tornio,,,,,,,,
Sturgis,,,,,,,,
sturgis,,,,,,,,
Setermoen,,,,,,,,
setermoen,,,,,,,,
Province of Mantua,,,,,,,,
mantua,,,,,,,,
Mahibadhoo,,,,,,,,
mahibadhoo,,,,,,,,
Hohhot,,,,,,,,
hohhot,,,,,,,,
Gizo Government Station,,,,,,,,
gizo,,,,,,,,
Oranjestad,,,,,,,,
oranjestad,,,,,,,,
Mitsamiouli,,,,,,,,
mitsamiouli,,,,,,,,
Bathsheba,,,,,,,,
bathsheba,,,,,,,,
Bocas del Toro,,,,,,,,
bocas del toro,,,,,,,,
Charters Towers,,,,,,,,
charters towers,,,,,,,,
Wuhan,,,,,,,,
wuhan,,,,,,,,
Hokitika,,,,,,,,
hokitika,,,,,,,,
Ponta Delgada,,,,,,,,
ponta delgada,,,,,,,,
Sauce,,,,,,,,
sauce,,,,,,,,
Muscatine,,,,,,,,
muscatine,,,,,,,,
Berdigestyakh,,,,,,,,
berdigestyakh,,,,,,,,
Menongue,,,,,,,,
menongue,,,,,,,,
Oodweyne,,,,,,,,
odweyne,,,,,,,,
Mandan,,,,,,,,
mandan,,,,,,,,
Agadir,,,,,,,,
agadir,,,,,,,,
Noumea,,,,,,,,
noumea,,,,,,,,
Linares,,,,,,,,
linares,,,,,,,,
Zyryanovsk,,,,,,,,
zyryanovsk,,,,,,,,
Sandwick,,,,,,,,
sandwick,,,,,,,,
Denpasar,,,,,,,,
denpasar,,,,,,,,
Sattahip,,,,,,,,
sattahip,,,,,,,,
Sobolevo,,,,,,,,
sobolevo,,,,,,,,
Rawson,,,,,,,,
rawson,,,,,,,,
Zaporizhia,,,,,,,,
zaporizhzhya,,,,,,,,
Acapulco de Juárez,,,,,,,,
acapulco,,,,,,,,
Starobaltachevo,,,,,,,,
starobaltachevo,,,,,,,,
Erenhot,,,,,,,,
erenhot,,,,,,,,
Ulladulla,,,,,,,,
ulladulla,,,,,,,,
São João da Barra,,,,,,,,
sao joao da barra,,,,,,,,
Glazov,,,,,,,,
glazov,,,,,,,,
Siuri,,,,,,,,
siuri,,,,,,,,
Lakes Entrance,,,,,,,,
lakes entrance,,,,,,,,
Manono,,,,,,,,
manono,,,,,,,,
Zwedru,,,,,,,,
zwedru,,,,,,,,
Huilong,,,,,,,,
huilong,,,,,,,,
Kjøllefjord,,,,,,,,
kjollefjord,,,,,,,,
Lusambo,,,,,,,,
lusambo,,,,,,,,
Aklavik,,,,,,,,
aklavik,,,,,,,,
Chambersburg,,,,,,,,
chambersburg,,,,,,,,
Bairiki Village,,,,,,,,
bairiki,,,,,,,,
Carballo,,,,,,,,
carballo,,,,,,,,
Mossamedes,,,,,,,,
namibe,,,,,,,,
Balaguer,,,,,,,,
balaguer,,,,,,,,
Bitung,,,,,,,,
bitung,,,,,,,,
Mugur-Aksy,,,,,,,,
mugur-aksy,,,,,,,,
Almaznyy,,,,,,,,
almaznyy,,,,,,,,
Plettenberg Bay,,,,,,,,
plettenberg bay,,,,,,,,
Dulce Grande,,,,,,,,
dulce grande,,,,,,,,
Korla,,,,,,,,
korla,,,,,,,,
Balaipungut,,,,,,,,
balaipungut,,,,,,,,
Río Viejo,,,,,,,,
rio viejo,,,,,,,,
Tevriz,,,,,,,,
tevriz,,,,,,,,
Sistranda,,,,,,,,
sistranda,,,,,,,,
Ginda,,,,,,,,
ginda,,,,,,,,
Oussouye,,,,,,,,
oussouye,,,,,,,,
Meulaboh,,,,,,,,
meulaboh,,,,,,,,
Bandarbeyla,,,,,,,,
bandarbeyla,,,,,,,,
Puerto del Rosario,,,,,,,,
puerto del rosario,,,,,,,,
Kanniyākumāri,,,,,,,,
kanniyakumari,,,,,,,,
Barra do Bugres,,,,,,,,
barra do bugres,,,,,,,,
Belaya Gora,,,,,,,,
belaya gora,,,,,,,,
Muli,,,,,,,,
muli,,,,,,,,
Tepetitla,,,,,,,,
tepetitla,,,,,,,,
Pisco,,,,,,,,
pisco,,,,,,,,
Whitecourt,,,,,,,,
whitecourt,,,,,,,,
Atar,,,,,,,,
atar,,,,,,,,
Poum,,,,,,,,
poum,,,,,,,,
Yaan,,,,,,,,
yaan,,,,,,,,
Lumberton,,,,,,,,
lumberton,,,,,,,,
Kruisfontein,,,,,,,,
kruisfontein,,,,,,,,
Palmer,,,,,,,,
palmer,,,,,,,,
Shyryayeve,,,,,,,,
shyryayeve,,,,,,,,
Atambua,,,,,,,,
atambua,,,,,,,,
Elizabethtown,,,,,,,,
elizabethtown,,,,,,,,
Honiara,,,,,,,,
honiara,,,,,,,,
Sitka,,,,,,,,
sitka,,,,,,,,
Waiouru,,,,,,,,
waiouru,,,,,,,,
Mukhen,,,,,,,,
mukhen,,,,,,,,
Chapais,,,,,,,,
chapais,,,,,,,,
Esqueda,,,,,,,,
esqueda,,,,,,,,
Srandakan,,,,,,,,
srandakan,,,,,,,,
Tshikapa,,,,,,,,
tshikapa,,,,,,,,
Grand Gaube,,,,,,,,
grand gaube,,,,,,,,
Cornélio Procópio,,,,,,,,
cornelio procopio,,,,,,,,
Okhotsk,,,,,,,,
okhotsk,,,,,,,,
Mweka,,,,,,,,
mweka,,,,,,,,
Mercogliano,,,,,,,,
mercogliano,,,,,,,,
Lappeenranta,,,,,,,,
lappeenranta,,,,,,,,
Qandala,,,,,,,,
qandala,,,,,,,,
Novoagansk,,,,,,,,
novoagansk,,,,,,,,
Quebo,,,,,,,,
quebo,,,,,,,,
Sohbatpur,,,,,,,,
sohbatpur,,,,,,,,
Batetskiy,,,,,,,,
batetskiy,,,,,,,,
Taunggyi,,,,,,,,
taunggyi,,,,,,,,
Pacific Grove,,,,,,,,
pacific grove,,,,,,,,
Ōdachō-ōda,,,,,,,,
oda,,,,,,,,
Vestmannaeyjar,,,,,,,,
vestmannaeyjar,,,,,,,,
Nemuro,,,,,,,,
nemuro,,,,,,,,
Mujiayingzi,,,,,,,,
mujiayingzi,,,,,,,,
Atbasar,,,,,,,,
atbasar,,,,,,,,
Say,,,,,,,,
say,,,,,,,,
Orlik,,,,,,,,
orlik,,,,,,,,
Daru,,,,,,,,
daru,,,,,,,,
Sukumo,,,,,,,,
sukumo,,,,,,,,
Husavik,,,,,,,,
husavik,,,,,,,,
Madison,,,,,,,,
madison,,,,,,,,
Conceição do Araguaia,,,,,,,,
conceicao do araguaia,,,,,,,,
Boa Esperança do Sul,,,,,,,,
boa esperanca do sul,,,,,,,,
Mount Isa,,,,,,,,
mount isa,,,,,,,,
Pringsewu,,,,,,,,
pringsewu,,,,,,,,
Turukhansk,,,,,,,,
turukhansk,,,,,,,,
Cabo San Lucas,,,,,,,,
cabo san lucas,,,,,,,,
Paragominas,,,,,,,,
paragominas,,,,,,,,
Buala,,,,,,,,
buala,,,,,,,,
Havøysund,,,,,,,,
havoysund,,,,,,,,
Upington,,,,,,,,
upington,,,,,,,,
Morden,,,,,,,,
morden,,,,,,,,
Buraidah,,,,,,,,
buraydah,,,,,,,,
Carrollton,,,,,,,,
carrollton,,,,,,,,
Bungu,,,,,,,,
bungu,,,,,,,,
Salalah,,,,,,,,
salalah,,,,,,,,
Nome,,,,,,,,
nome,,,,,,,,
